Designator,Val,Package,Mid X,Mid Y,Rotation,Layer
"C1","100nF","C_0603_1608Metric_Pad1.08x0.95mm_HandSolder",113.5000,-38.5000,0.0000,top
"C2","100nF","C_0603_1608Metric_Pad1.08x0.95mm_HandSolder",127.0000,-39.0000,-90.0000,top
"C3","100nF","C_0603_1608Metric_Pad1.08x0.95mm_HandSolder",140.5000,-39.0000,-90.0000,top
"C4","100nF","C_0603_1608Metric_Pad1.08x0.95mm_HandSolder",153.5000,-39.0000,-90.0000,top
"C5","100nF","C_0603_1608Metric_Pad1.08x0.95mm_HandSolder",166.0000,-49.0000,180.0000,top
"C6","100nF","C_0603_1608Metric_Pad1.08x0.95mm_HandSolder",163.8625,-54.0000,180.0000,top
"C7","100nF","C_0603_1608Metric_Pad1.08x0.95mm_HandSolder",164.0000,-67.5000,180.0000,top
"C8","100nF","C_0603_1608Metric_Pad1.08x0.95mm_HandSolder",164.0000,-80.5000,180.0000,top
"C10","100nF","C_0603_1608Metric_Pad1.08x0.95mm_HandSolder",134.0000,-76.0000,90.0000,top
"C11","CL10X106MO8NRNC","C_0603_1608Metric_Pad1.08x0.95mm_HandSolder",139.0000,-71.0000,-90.0000,top
"C12","CL10X106MO8NRNC","C_0603_1608Metric_Pad1.08x0.95mm_HandSolder",137.0000,-71.0000,-90.0000,top
"C13","100nF","C_0603_1608Metric_Pad1.08x0.95mm_HandSolder",135.0000,-71.0000,90.0000,top
"C15","2,2uF/35","C_0603_1608Metric_Pad1.08x0.95mm_HandSolder",124.5000,-73.0000,90.0000,top
"C16","100nF","C_0603_1608Metric_Pad1.08x0.95mm_HandSolder",166.0000,-105.0000,180.0000,top
"C17","100nF","C_0603_1608Metric_Pad1.08x0.95mm_HandSolder",163.8625,-110.0000,180.0000,top
"C18","100nF","C_0603_1608Metric_Pad1.08x0.95mm_HandSolder",164.0000,-123.0000,180.0000,top
"C19","100nF","C_0603_1608Metric_Pad1.08x0.95mm_HandSolder",164.0000,-136.0000,180.0000,top
"C20","100nF","C_0603_1608Metric_Pad1.08x0.95mm_HandSolder",153.5000,-148.6375,90.0000,top
"C21","100nF","C_0603_1608Metric_Pad1.08x0.95mm_HandSolder",148.5000,-146.5000,90.0000,top
"C22","100nF","C_0603_1608Metric_Pad1.08x0.95mm_HandSolder",135.0000,-146.3625,90.0000,top
"C23","100nF","C_0603_1608Metric_Pad1.08x0.95mm_HandSolder",122.0000,-146.5000,90.0000,top
"C24","100nF","C_0603_1608Metric_Pad1.08x0.95mm_HandSolder",111.0000,-144.0000,0.0000,top
"C25","100nF","C_0603_1608Metric_Pad1.08x0.95mm_HandSolder",112.0000,-131.0000,0.0000,top
"C26","100nF","C_0603_1608Metric_Pad1.08x0.95mm_HandSolder",112.0000,-118.0000,0.0000,top
"C27","100nF","C_0603_1608Metric_Pad1.08x0.95mm_HandSolder",112.0000,-105.0000,0.0000,top
"C28","100nF","C_0603_1608Metric_Pad1.08x0.95mm_HandSolder",122.0000,-92.5000,-90.0000,top
"C29","100nF","C_0603_1608Metric_Pad1.08x0.95mm_HandSolder",127.0000,-94.5000,-90.0000,top
"C30","100nF","C_0603_1608Metric_Pad1.08x0.95mm_HandSolder",140.5000,-94.5000,-90.0000,top
"C31","100nF","C_0603_1608Metric_Pad1.08x0.95mm_HandSolder",153.5000,-94.5000,-90.0000,top
"C32","100nF","C_0603_1608Metric_Pad1.08x0.95mm_HandSolder",110.0000,-41.0000,180.0000,top
"C33","100nF","C_0603_1608Metric_Pad1.08x0.95mm_HandSolder",108.0000,-54.0000,180.0000,top
"C34","100nF","C_0603_1608Metric_Pad1.08x0.95mm_HandSolder",108.0000,-67.5000,180.0000,top
"C35","100nF","C_0603_1608Metric_Pad1.08x0.95mm_HandSolder",108.0000,-80.5000,180.0000,top
"C36","100nF","C_0603_1608Metric_Pad1.08x0.95mm_HandSolder",165.5000,-144.0000,0.0000,top
"C37","100nF","C_0603_1608Metric_Pad1.08x0.95mm_HandSolder",138.5000,-56.0000,-90.0000,top
"C38","100nF","C_0603_1608Metric_Pad1.08x0.95mm_HandSolder",151.0000,-68.0000,-90.0000,top
"C39","100nF","C_0603_1608Metric_Pad1.08x0.95mm_HandSolder",125.1875,-60.0100,180.0000,top
"C40","100nF","C_0603_1608Metric_Pad1.08x0.95mm_HandSolder",125.1875,-57.5000,180.0000,top
"C41","100nF","C_0603_1608Metric_Pad1.08x0.95mm_HandSolder",125.1875,-54.9900,180.0000,top
"C42","100nF","C_0603_1608Metric_Pad1.08x0.95mm_HandSolder",125.1875,-52.4800,180.0000,top
"C43","100nF","C_0603_1608Metric_Pad1.08x0.95mm_HandSolder",145.5000,-62.0000,180.0000,top
"C44","470uF/25V","CP_Elec_10x12.6",129.8500,-112.0000,0.0000,top
"D1","WS2815","LED_RGB_5050-6",118.0000,-37.0000,90.0000,top
"D2","WS2815","LED_RGB_5050-6",131.0000,-37.0000,90.0000,top
"D3","WS2815","LED_RGB_5050-6",144.5000,-37.0000,90.0000,top
"D4","WS2815","LED_RGB_5050-6",157.5000,-37.0000,90.0000,top
"D5","WS2815","LED_RGB_5050-6",166.0000,-45.0000,0.0000,top
"D6","WS2815","LED_RGB_5050-6",166.0000,-58.0000,0.0000,top
"D7","WS2815","LED_RGB_5050-6",166.0000,-71.5000,0.0000,top
"D8","WS2815","LED_RGB_5050-6",166.0000,-84.5000,0.0000,top
"D9","WS2815","LED_RGB_5050-6",166.0000,-101.0000,0.0000,top
"D10","WS2815","LED_RGB_5050-6",166.0000,-114.0000,0.0000,top
"D11","WS2815","LED_RGB_5050-6",166.0000,-127.0000,0.0000,top
"D12","WS2815","LED_RGB_5050-6",166.0000,-140.0000,0.0000,top
"D13","WS2815","LED_RGB_5050-6",157.5000,-148.5000,-90.0000,top
"D14","WS2815","LED_RGB_5050-6",144.5000,-148.5000,-90.0000,top
"D15","WS2815","LED_RGB_5050-6",131.0000,-148.5000,-90.0000,top
"D16","WS2815","LED_RGB_5050-6",118.0000,-148.5000,-90.0000,top
"D17","WS2815","LED_RGB_5050-6",110.0000,-140.0000,180.0000,top
"D18","WS2815","LED_RGB_5050-6",110.0000,-127.0000,180.0000,top
"D19","WS2815","LED_RGB_5050-6",110.0000,-114.0000,180.0000,top
"D20","WS2815","LED_RGB_5050-6",110.0000,-101.0000,180.0000,top
"D21","WS2815","LED_RGB_5050-6",118.0000,-92.5000,90.0000,top
"D22","WS2815","LED_RGB_5050-6",131.0000,-92.5000,90.0000,top
"D23","WS2815","LED_RGB_5050-6",144.5000,-92.5000,90.0000,top
"D24","WS2815","LED_RGB_5050-6",157.5000,-92.5000,90.0000,top
"D25","WS2815","LED_RGB_5050-6",110.0000,-45.0000,0.0000,top
"D26","WS2815","LED_RGB_5050-6",110.0000,-58.0000,0.0000,top
"D27","WS2815","LED_RGB_5050-6",110.0000,-71.5000,0.0000,top
"D28","WS2815","LED_RGB_5050-6",110.0000,-84.5000,0.0000,top
"D29","WS2815","LED_RGB_5050-6",171.5000,-152.5000,-44.0000,top
"D30","SM712_SOT23","SOT-23",146.9500,-75.5625,90.0000,top
"D31","SM4001","D_MELF",131.0000,-125.0000,90.0000,top
"F2","Fuse","Fuse_1206_3216Metric_Pad1.42x1.75mm_HandSolder",124.5000,-78.0000,90.0000,top
"J4","DBG","Molex_PicoBlade_53047-0510_1x05_P1.25mm_Vertical",135.5000,-59.0000,90.0000,top
"L1","LQH5BPN4R7NT0L","L_APV_ANR5020",130.0000,-72.0000,90.0000,top
"R1","120R","R_0603_1608Metric_Pad0.98x0.95mm_HandSolder",146.9125,-80.0000,0.0000,top
"R2","10K","R_0603_1608Metric_Pad0.98x0.95mm_HandSolder",129.9125,-60.0100,180.0000,top
"R3","10K","R_0603_1608Metric_Pad0.98x0.95mm_HandSolder",129.9125,-57.5000,180.0000,top
"R4","10K","R_0603_1608Metric_Pad0.98x0.95mm_HandSolder",129.9125,-54.9900,180.0000,top
"R5","10K","R_0603_1608Metric_Pad0.98x0.95mm_HandSolder",129.9125,-52.4800,180.0000,top
"R23","22.1K","R_0603_1608Metric_Pad0.98x0.95mm_HandSolder",135.5000,-79.5000,180.0000,top
"R24","100K","R_0603_1608Metric_Pad0.98x0.95mm_HandSolder",137.0000,-76.0000,-90.0000,top
"U1","STM32G031F8Px","TSSOP-20_4.4x6.5mm_P0.65mm",146.2250,-56.3625,90.0000,top
"U2","MAX3485","SOIC-8_3.9x4.9mm_P1.27mm",146.6350,-67.9750,-90.0000,top
"U8","LMR51430","SOT-23-6",130.0000,-78.5000,0.0000,top
